item_id,metal,item_category,item_name,current_stock_pcs,avg_weight_per_pc,total_stock_weight,current_rate,stock_value,stock_status,last_purchase_date,last_sale_date,avg_monthly_sales,months_of_stock,reorder_level,reorder_quantity,supplier_lead_days,total_sold_3yr,revenue_3yr,revenue_contribution,cumulative_revenue,cumulative_pct,abc_category
INV0063,Gold,Necklaces,GANTHAN LONG,93,4.13,384.3,7220,2774646.0,Normal,2024-11-26,2024-12-29,43.97,2.11,44,110,8,1583,41673454.27,41673454.27,41673454.27,32.82685192010024,A
INV0074,Gold,Chains,CHAIN LONG,37,1.85,68.51,7220,494642.2,Normal,2024-10-21,2024-12-30,15.42,2.4,16,39,9,555,6254458.75,6254458.75,47927913.02,37.75358993169884,A
INV0064,Gold,Bangles,FANCY KANGAN,32,2.07,66.22,7220,478108.4,Normal,2024-12-01,2024-12-31,11.39,2.81,12,29,9,410,5360407.49,5360407.49,53288320.510000005,41.97606934906503,A
INV0057,Gold,Necklaces,HAAR SHRIMANT,17,3.6,61.21,7220,441936.2,Excess,2024-11-06,2024-12-20,5.61,3.03,6,15,4,202,4661006.54,4661006.54,57949327.050000004,45.64761936015555,A
INV0048,Gold,Mangalsutra,MANGALSUTRA SET RAJKOT,18,4.81,86.56,7220,624963.2,Excess,2024-09-02,2024-12-21,4.14,4.35,5,11,8,149,4608418.89,4608418.89,62557745.940000005,49.277745231356164,A
INV0062,Gold,Necklaces,GANTHAN SHORT,72,1.51,108.94,7220,786546.8,Excess,2024-08-19,2024-12-30,12.86,5.6,13,33,4,463,4455869.74,4455869.74,67013615.68000001,52.78770567722049,A
INV0014,Gold,Bangles,PATLI,51,2.86,145.99,7220,1054047.8,Dead Stock,2024-04-26,2024-12-30,5.83,8.74,6,15,3,210,3790553.07,3790553.07,70804168.75,55.77358545378001,A
INV0055,Gold,Other,KADA GL,9,3.94,35.46,7220,256021.2,Normal,2024-10-11,2024-12-31,4.06,2.22,5,11,9,146,3639350.58,3639350.58,74443519.33,58.64036059080037,A
INV0058,Gold,Necklaces,HAAR RANI,8,2.88,23.06,7220,166493.2,Normal,2024-11-08,2024-12-23,5.39,1.48,6,14,4,194,3635375.14,3635375.14,78078894.47,61.50400420962807,A
INV0059,Gold,Necklaces,HAAR LONG,21,3.2,67.19,7220,485111.8,Excess,2024-10-26,2024-12-24,4.58,4.58,5,12,7,165,3343423.64,3343423.64,81422318.11,64.1376729241376,A
INV0016,Gold,Necklaces,NECKLACE,33,1.79,59.03,7220,426196.6,Excess,2024-11-19,2024-12-21,7.36,4.48,8,19,4,265,2999131.06,2999131.06,84421449.17,66.50013682160403,A
INV0060,Gold,Necklaces,HAAR LAXMI,0,2.27,0.0,7220,0.0,Critical,2024-11-25,2024-12-30,5.11,0.0,6,13,8,184,2665927.52,2665927.52,87087376.69,68.60013091764804,A
INV0049,Gold,Mangalsutra,MANGALSUTRA LOOSE,0,1.77,0.0,7220,0.0,Critical,2024-12-19,2024-12-29,6.25,0.0,7,16,6,225,2598845.92,2598845.92,89686222.61,70.6472837556697,A
INV0143,Silver,Other,CHOURAS,44,87.03,3829.54,93,356147.22,Excess,2024-08-21,2024-12-28,9.64,4.56,10,25,13,347,2458617.79,2458617.79,92144840.4,72.58397663448764,A
INV0080,Gold,Other,BILVER,29,1.95,56.66,7220,409085.2,Dead Stock,2024-07-16,2024-12-22,4.72,6.14,5,12,6,170,2042088.11,2042088.11,94186928.51,74.19256236775682,A
INV0079,Gold,Bracelets,BRACELET J,56,1.69,94.69,7220,683661.8,Dead Stock,2024-06-12,2024-12-29,4.78,11.72,5,12,4,172,1836012.95,1836012.95,96022941.46000001,75.63881937449658,A
INV0050,Gold,Mangalsutra,MANGALSUTRA +MANI SET,10,1.06,10.63,7220,76748.6,Normal,2024-12-13,2024-12-22,5.81,1.72,6,15,5,209,1433855.39,1433855.39,97456796.85000001,76.76829038636448,A
INV0073,Gold,Chains,CHAIN SHORT,43,0.63,27.22,7220,196528.4,Excess,2024-07-22,2024-12-29,9.03,4.76,10,23,8,325,1241641.14,1241641.14,98698437.99000001,77.74635113401953,A
INV0068,Gold,Rings,F RING J,14,0.45,6.35,7220,45847.0,Normal,2024-12-12,2024-12-31,8.94,1.57,9,23,5,322,929391.92,929391.92,99627829.91000001,78.47844813600817,A
INV0162,Silver,Anklets,CHAL 10,97,5.94,576.12,93,53579.16,Normal,2024-10-09,2024-12-31,50.06,1.94,51,126,10,1802,879907.51,879907.51,100507737.42000002,79.17156547029518,A
INV0067,Gold,Rings,F RING J-AD,6,0.74,4.44,7220,32056.8,Normal,2024-12-21,2024-12-29,5.06,1.19,6,13,6,182,877973.19,877973.19,101385710.61000001,79.86315910952695,A
INV0030,Gold,Other,MANI NAKSHI 130MG,2,1.0,2.0,7220,14440.0,Low,2024-10-14,2024-12-31,3.72,0.54,4,10,8,134,826274.72,826274.72,102211985.33000001,80.514029030293,B
INV0011,Gold,Other,THUSHI K,5,0.98,4.88,7220,35233.6,Normal,2024-10-09,2024-12-31,3.61,1.38,4,10,8,130,819867.58,819867.58,103031852.91000001,81.1598519435648,B
INV0039,Gold,Other,MANI K 150MG,18,1.35,24.27,7220,175229.4,Dead Stock,2024-06-16,2024-12-24,2.44,7.36,3,7,6,88,755880.61,755880.61,103787733.52000001,81.7552712887667,B
INV0056,Gold,Other,KADA BARSE,0,0.98,0.0,7220,0.0,Critical,2024-11-07,2024-12-31,3.03,0.0,4,8,5,109,701562.03,701562.03,104489295.55000001,82.30790301260616,B
INV0002,Gold,Coins,ZUBE COIM SET,16,0.56,9.0,7220,64980.0,Normal,2024-10-13,2024-12-19,5.92,2.7,6,15,8,213,676541.9,676541.9,105165837.45000002,82.84082597659072,B
INV0006,Gold,Earrings,TOPS VARING,5,0.45,2.25,7220,16245.0,Low,2024-11-15,2024-12-28,5.92,0.85,6,15,9,213,620047.76,620047.76,105785885.21000002,83.32924759551956,B
INV0025,Gold,Other,MANI V 50MG,8,0.77,6.13,7220,44258.6,Normal,2024-12-10,2024-12-27,3.31,2.42,4,9,3,119,559205.39,559205.39,106345090.60000002,83.7697426985057,B
INV0097,Silver,Pooja Items,SAMAI 3-6,26,17.11,444.81,93,41367.33,Normal,2024-11-16,2024-12-26,11.06,2.35,12,28,6,398,542202.71,542202.71,106887293.31000002,84.1968445162847,B
INV0161,Silver,Anklets,"CHAL 10.5""",64,6.69,428.18,93,39820.74,Normal,2024-11-15,2024-12-29,27.61,2.32,28,70,10,994,540819.65,540819.65,107428112.96000002,84.62285687539962,B
INV0070,Gold,Rings,E RING U&V RAJKOT,37,0.38,14.08,7220,101657.6,Excess,2024-08-09,2024-12-19,6.22,5.95,7,16,6,224,531259.34,531259.34,107959372.30000003,85.0413384241659,B
INV0061,Gold,Other,GL MIX ITEM,8,0.65,5.2,7220,37544.0,Normal,2024-12-01,2024-11-30,3.58,2.23,4,9,7,129,526089.54,526089.54,108485461.84000003,85.45574763810826,B
INV0066,Gold,Rings,F RING L,40,0.31,12.25,7220,88445.0,Excess,2024-10-21,2024-12-31,7.28,5.5,8,19,4,262,509897.21,509897.21,108995359.05000003,85.85740189260552,B
INV0008,Gold,Earrings,TOPS FANCY,89,0.28,25.31,7220,182738.2,Dead Stock,2024-04-01,2024-12-30,7.44,11.96,8,19,3,268,500245.8,500245.8,109495604.85000002,86.25145357581512,B
INV0092,Silver,Pooja Items,TAMHAN,25,14.26,356.42,93,33147.06,Normal,2024-10-24,2024-12-29,11.61,2.15,12,30,9,418,478896.99,478896.99,109974501.84000002,86.6286884571345,B
INV0003,Gold,Coins,ZUBE ANTIQUE,1,0.77,0.77,7220,5559.4,Critical,2024-11-29,2024-12-02,2.97,0.34,3,8,8,107,472801.1,472801.1,110447302.94000001,87.00112150760359,B
INV0065,Gold,Rings,F RING L-AD,12,0.38,4.61,7220,33284.2,Normal,2024-11-21,2024-12-30,5.39,2.23,6,14,9,194,470303.79,470303.79,110917606.73000002,87.37158738671613,B
INV0047,Gold,Mangalsutra,MANGALSUTRA TAR,14,0.67,9.45,7220,68229.0,Excess,2024-09-10,2024-12-22,2.92,4.8,3,8,5,105,467796.21,467796.21,111385402.94000001,87.7400780046275,B
INV0043,Gold,Other,MANI BOARMAL SET,19,0.65,12.35,7220,89167.0,Dead Stock,2024-07-05,2024-12-23,3.08,6.16,4,8,9,111,445798.4,445798.4,111831201.34000002,88.09124059288342,B
INV0013,Gold,Pendants,PENDANT,14,0.39,5.46,7220,39421.2,Normal,2024-10-17,2024-12-22,5.06,2.77,6,13,9,182,441039.26,441039.26,112272240.60000002,88.43865432981939,B
INV0171,Silver,Pooja Items,AARTI SET,50,22.49,1124.5,93,104578.5,Dead Stock,2024-06-17,2024-12-31,6.81,7.35,7,18,9,245,436483.8,436483.8,112708724.40000002,88.78247965745577,B
INV0054,Gold,Other,KANVEL,22,0.37,8.17,7220,58987.4,Excess,2024-07-05,2024-12-28,5.25,4.19,6,14,5,189,433519.66,433519.66,113142244.06000002,89.1239700842169,B
INV0078,Gold,Bracelets,BRACELET L,11,0.62,6.77,7220,48879.4,Excess,2024-11-16,2024-12-30,3.0,3.67,3,8,5,108,410321.34,410321.34,113552565.40000002,89.4471868202371,B
INV0038,Gold,Other,MANI K 200MG,4,0.47,1.89,7220,13645.8,Normal,2024-10-03,2024-12-25,3.78,1.06,4,10,7,136,390875.55,390875.55,113943440.95000002,89.75508579390761,B
INV0093,Silver,Other,TAMBYA NAKSHI,71,19.89,1412.19,93,131333.67,Dead Stock,2024-06-30,2024-12-28,6.06,11.72,7,16,6,218,350661.85,350661.85,114294102.80000001,90.03130778763527,B
INV0036,Gold,Other,MANI K 300MG,16,0.44,7.09,7220,51189.8,Excess,2024-08-29,2024-11-29,3.53,4.54,4,9,4,127,349048.95,349048.95,114643151.75000001,90.30625927402465,B
INV0024,Gold,Other,MANI V 80MG,3,0.54,1.61,7220,11624.2,Normal,2024-11-13,2024-12-26,2.75,1.09,3,7,3,99,330162.05,330162.05,114973313.80000001,90.56633324472953,B
INV0072,Gold,Rings,E RING PIPE,0,0.28,0.0,7220,0.0,Critical,2024-10-21,2024-12-14,5.11,0.0,6,13,4,184,329405.09,329405.09,115302718.89000002,90.8258109458363,B
INV0091,Silver,Other,TATH PLANE,27,16.51,445.77,93,41456.61,Excess,2024-08-10,2024-12-30,6.86,3.94,7,18,10,247,328163.18,328163.18,115630882.07000002,91.08431037441005,B
INV0046,Gold,Other,MANI 100MG,0,0.36,0.0,7220,0.0,Critical,2024-12-09,2024-12-18,3.75,0.0,4,10,6,135,309533.26,309533.26,115940415.33000003,91.32813471458914,B
INV0107,Silver,Other,MUKHOTA,11,11.48,126.3,93,11745.9,Normal,2024-12-17,2024-12-31,8.81,1.25,9,23,8,317,294692.86,294692.86,116235108.19000003,91.56026903238421,B
INV0001,Gold,Coins,ZUBE SINGLE COIM,37,0.4,14.81,7220,106928.2,Dead Stock,2024-04-14,2024-12-30,3.44,10.74,4,9,7,124,287171.79,287171.79,116522279.98000003,91.78647888206174,B
INV0069,Gold,Rings,E RING ZALI,6,0.38,2.3,7220,16606.0,Normal,2024-11-07,2024-12-29,3.19,1.88,4,8,4,115,286937.37,286937.37,116809217.35000004,92.01250407532523,B
INV0131,Silver,Utensils,GLASS,15,8.2,122.93,93,11432.49,Normal,2024-11-28,2024-12-30,12.53,1.2,13,32,11,451,284960.88,284960.88,117094178.23000003,92.23697235554444,B
INV0071,Gold,Rings,E RING RAJKOT TAR BALI,54,0.16,8.89,7220,64185.8,Dead Stock,2024-05-06,2024-12-23,7.53,7.17,8,19,5,271,282171.64,282171.64,117376349.87000003,92.4592435064387,B
INV0010,Gold,Earrings,TOPS AD,14,0.23,3.22,7220,23248.4,Normal,2024-11-07,2024-12-23,5.06,2.77,6,13,6,182,276377.77,276377.77,117652727.64000003,92.6769507325068,B
INV0017,Gold,Nose Items,NATHANI AD,5,0.32,1.61,7220,11624.2,Normal,2024-10-31,2024-12-30,3.31,1.51,4,9,8,119,237270.58,237270.58,117889998.22000003,92.86385259440172,B
INV0118,Silver,Other,KALAS,1,14.11,14.11,93,1312.23,Critical,2024-11-01,2024-12-30,5.47,0.18,6,14,14,197,231906.73,231906.73,118121904.95000003,93.04652926515865,B
INV0026,Gold,Other,MANI V 300MG,6,0.32,1.91,7220,13790.2,Normal,2024-10-09,2024-12-18,3.19,1.88,4,8,4,115,228511.16,228511.16,118350416.11000003,93.22653119067242,B
INV0160,Silver,Anklets,"CHAL 11""",18,5.95,107.16,93,9965.88,Normal,2024-12-07,2024-12-29,11.89,1.51,12,30,6,428,210265.24,210265.24,118560681.35000002,93.3921605107836,B
INV0007,Gold,Earrings,TOPS KARWARI,11,0.23,2.52,7220,18194.4,Normal,2024-12-20,2024-12-12,3.86,2.85,4,10,4,139,205144.22,205144.22,118765825.57000002,93.55375592086345,B
INV0096,Silver,Pooja Items,SAMAI 6-12,8,13.0,104.0,93,9672.0,Normal,2024-10-22,2024-12-31,5.28,1.52,6,14,8,190,194644.14,194644.14,118960469.71000002,93.7070802486117,B
INV0150,Silver,Anklets,"CHAL 9.5""",12,5.66,67.88,93,6312.84,Normal,2024-10-22,2024-12-28,11.53,1.04,12,29,10,415,190005.75,190005.75,119150475.46000002,93.8567508417621,B
INV0151,Silver,Anklets,"CHAL 9""",15,5.8,87.05,93,8095.65,Normal,2024-11-11,2024-12-30,10.94,1.37,11,28,6,394,186049.99,186049.99,119336525.45000002,94.0033054189732,B
INV0156,Silver,Anklets,"CHAL 6.5""",149,4.87,725.76,93,67495.68,Dead Stock,2024-05-05,2024-12-31,12.69,11.74,13,32,11,457,183398.51,183398.51,119519923.96000002,94.14777138263275,B
INV0005,Gold,Other,ZHALARI,14,0.22,3.08,7220,22237.6,Excess,2024-08-05,2024-12-21,3.64,3.85,4,10,9,131,182433.06,182433.06,119702357.02000003,94.29147684575923,B
INV0004,Gold,Coins,ZS,8,0.19,1.54,7220,11118.8,Normal,2024-12-07,2024-12-16,4.22,1.89,5,11,3,152,164475.86,164475.86,119866832.88000003,94.42103713288277,B
INV0167,Silver,Bracelets,BRACELET,44,3.08,135.45,93,12596.85,Normal,2024-12-07,2024-12-28,18.17,2.42,19,46,14,654,163352.97,163352.97,120030185.85000002,94.54971290144653,B
INV0149,Silver,Anklets,"CHAL F 10""",12,3.87,46.46,93,4320.78,Low,2024-10-10,2024-12-31,14.0,0.86,14,35,12,504,160894.49,160894.49,120191080.34000002,94.67645208567086,B
INV0075,Gold,Chains,CHAIN DROP,0,0.18,0.0,7220,0.0,Critical,2024-12-08,2024-12-29,4.17,0.0,5,11,3,150,159261.5,159261.5,120350341.84000002,94.80190493733996,B
INV0009,Gold,Earrings,TOPS BUTTON,22,0.14,3.18,7220,22959.6,Excess,2024-10-06,2024-12-24,4.06,5.42,5,11,6,146,139691.13,139691.13,120490032.97000001,94.91194189298446,B
INV0032,Gold,Other,MANI LAKHI 60MG,14,0.21,2.98,7220,21515.6,Excess,2024-11-28,2024-11-25,2.92,4.8,3,8,6,105,136706.76,136706.76,120626739.73000002,95.01962801225649,C
INV0126,Silver,Ornaments,JODAVI PLANE,0,2.72,0.0,93,0.0,Critical,2024-10-30,2024-12-27,17.06,0.0,18,43,13,614,136368.09,136368.09,120763107.82000002,95.12704735570841,C
INV0180,Silver,Anklets,"45CHAL 10""",24,6.91,165.75,93,15414.75,Excess,2024-07-18,2024-12-29,6.47,3.71,7,17,14,233,130719.42,130719.42,120893827.24000002,95.23001715071557,C
INV0154,Silver,Anklets,"CHAL 7.5""",7,4.36,30.54,93,2840.22,Low,2024-11-11,2024-12-28,9.39,0.75,10,24,8,338,120565.46,120565.46,121014392.70000002,95.32498850769635,C
INV0115,Silver,Other,KUMKUM,87,4.33,376.72,93,35034.96,Dead Stock,2024-03-02,2024-12-31,9.42,9.24,10,24,14,339,120403.29,120403.29,121134795.99000002,95.41983212075311,C
INV0155,Silver,Anklets,"CHAL 7""",17,4.69,79.66,93,7408.38,Normal,2024-10-13,2024-12-31,8.5,2.0,9,22,9,306,116827.48,116827.48,121251623.47000003,95.51185901061234,C
INV0033,Gold,Other,MANI LAKHI 110MG,27,0.2,5.27,7220,38049.4,Dead Stock,2024-05-08,2024-12-10,2.69,10.02,3,7,7,97,115704.82,115704.82,121367328.29000002,95.60300156308647,C
INV0021,Gold,Rings,MUDDI V+AD,10,0.13,1.33,7220,9602.6,Normal,2024-10-27,2024-12-20,3.72,2.69,4,10,9,134,113536.75,113536.75,121480865.04000002,95.6924362918611,C
INV0157,Silver,Anklets,"CHAL 6""",15,4.08,61.15,93,5686.95,Normal,2024-10-27,2024-12-23,9.44,1.59,10,24,5,340,113509.03,113509.03,121594374.07000002,95.78184918514474,C
INV0077,Gold,Earrings,BUGADI,5,0.16,0.82,7220,5920.4,Normal,2024-12-22,2024-12-29,3.03,1.65,4,8,7,109,113147.23,113147.23,121707521.30000003,95.8709770827343,C
INV0015,Gold,Other,PANADI,3,0.14,0.42,7220,3032.4,Low,2024-12-03,2024-12-31,3.39,0.89,4,9,6,122,108598.91,108598.91,121816120.21000002,95.9565221953174,C
INV0113,Silver,Idols,LAXMI MURTI,40,6.14,245.75,93,22854.75,Dead Stock,2024-04-27,2024-12-30,6.22,6.43,7,16,9,224,107538.59,107538.59,121923658.80000003,96.04123207673868,C
INV0076,Gold,Earrings,BUGADI TAR,10,0.13,1.34,7220,9674.8,Excess,2024-10-17,2024-12-10,3.28,3.05,4,9,5,118,105293.69,105293.69,122028952.49000002,96.12417361423054,C
INV0125,Silver,Chains,KADA FANCY,39,3.1,120.95,93,11248.35,Excess,2024-10-12,2024-12-27,11.69,3.33,12,30,5,421,103776.24,103776.24,122132728.73000002,96.20591983188827,C
INV0090,Silver,Ornaments,VALE GEJJI,10,3.49,34.91,93,3246.63,Low,2024-11-21,2024-12-28,10.06,0.99,11,26,8,362,102820.22,102820.22,122235548.95000002,96.28691297717602,C
INV0153,Silver,Anklets,"CHAL 8""",14,4.88,68.36,93,6357.48,Normal,2024-12-10,2024-12-24,7.06,1.98,8,18,6,254,102815.26,102815.26,122338364.21000002,96.36790221539178,C
INV0158,Silver,Anklets,"CHAL 5.5""",28,3.66,102.53,93,9535.29,Excess,2024-11-22,2024-12-21,9.22,3.04,10,24,11,332,98757.59,98757.59,122437121.80000003,96.4456951615179,C
INV0148,Silver,Anklets,"CHAL F 10.5""",31,3.8,117.94,93,10968.42,Excess,2024-08-01,2024-12-29,8.78,3.53,9,22,11,316,98669.7,98669.7,122535791.50000003,96.5234188752738,C
INV0111,Silver,Chains,LINGADKAI-CHAIN,15,5.36,80.44,93,7480.92,Normal,2024-11-22,2024-12-29,6.28,2.39,7,16,5,226,97533.49,97533.49,122633324.99000002,96.6002475780911,C
INV0152,Silver,Anklets,"CHAL 8.5""",36,4.8,172.63,93,16054.59,Excess,2024-09-20,2024-12-31,6.97,5.16,7,18,10,251,97380.95,97380.95,122730705.94000003,96.67695612269068,C
INV0132,Silver,Other,GHODA SOLID,13,6.25,81.2,93,7551.6,Normal,2024-10-13,2024-12-30,5.19,2.5,6,13,11,187,96431.12,96431.12,122827137.06000003,96.7529164708831,C
INV0023,Gold,Rings,MUDDI B,1,0.08,0.08,7220,577.6,Critical,2024-11-04,2024-12-22,5.03,0.2,6,13,5,181,94091.48,94091.48,122921228.54000004,96.8270338469204,C
INV0112,Silver,Idols,LAXMI MURTI SOLID,7,5.95,41.63,93,3871.59,Normal,2024-10-29,2024-12-22,5.56,1.26,6,14,11,200,92375.7,92375.7,123013604.24000004,96.89979967538447,C
INV0127,Silver,Ornaments,JODAVI NAKSHI,15,2.33,35.01,93,3255.93,Normal,2024-12-04,2024-12-23,13.22,1.13,14,34,6,476,90087.0,90087.0,123103691.24000004,96.97076265795283,C
INV0138,Silver,Other,FULPATRA,44,5.31,233.8,93,21743.4,Dead Stock,2024-06-14,2024-12-16,5.86,7.51,6,15,7,211,89786.08,89786.08,123193477.32000004,97.04148860098482,C
INV0052,Gold,Pendants,LOCKET GL,8,0.1,0.8,7220,5776.0,Normal,2024-12-18,2024-12-31,3.86,2.07,4,10,9,139,88606.4,88606.4,123282083.72000004,97.11128529105828,C
INV0040,Gold,Other,MANI K 100MG,32,0.08,2.57,7220,18555.4,Dead Stock,2024-03-24,2024-12-21,4.92,6.51,5,13,5,177,88000.7,88000.7,123370084.42000005,97.18060486147472,C
INV0177,Silver,Anklets,"45CHAL 6""",29,5.0,145.15,93,13498.95,Excess,2024-08-14,2024-12-29,5.89,4.92,6,15,5,212,86646.85,86646.85,123456731.27000004,97.24885798241507,C
INV0109,Silver,Pooja Items,MADHE VAT DIVA,31,5.17,160.39,93,14916.27,Excess,2024-07-17,2024-12-20,5.86,5.29,6,15,11,211,85645.3,85645.3,123542376.57000004,97.31632216627027,C
INV0137,Silver,Other,GADU,32,5.6,179.19,93,16664.67,Dead Stock,2024-10-01,2024-12-29,5.25,6.1,6,14,8,189,85428.29,85428.29,123627804.86000004,97.38361540784915,C
INV0114,Silver,Pooja Items,LAXMI DIVA,8,5.23,41.86,93,3892.98,Normal,2024-12-17,2024-12-25,5.67,1.41,6,15,10,204,84156.4,84156.4,123711961.26000005,97.4499067611656,C
INV0163,Silver,Chains,CHAIN,0,1.8,0.0,93,0.0,Critical,2024-10-29,2024-12-28,16.28,0.0,17,41,10,586,83905.73,83905.73,123795866.99000005,97.51600065768093,C
INV0173,Silver,Pooja Items,AARTI FANCY,13,5.59,72.67,93,6758.31,Normal,2024-12-06,2024-12-28,5.03,2.59,6,13,10,181,79168.71,79168.71,123875035.70000005,97.57836312715699,C
INV0031,Gold,Other,MANI NAKSHI 120MG,19,0.1,1.85,7220,13357.0,Excess,2024-09-04,2024-12-22,3.67,5.18,4,10,3,132,78208.65,78208.65,123953244.35000005,97.63996934188994,C
INV0134,Silver,Idols,GANESH MURTI,17,4.33,73.66,93,6850.38,Normal,2024-12-22,2024-12-28,6.31,2.7,7,16,11,227,77551.84,77551.84,124030796.19000006,97.7010581767947,C
INV0175,Silver,Anklets,"45CHAL 9.5""",30,5.22,156.65,93,14568.45,Excess,2024-10-19,2024-12-24,5.08,5.9,6,13,10,183,77489.27,77489.27,124108285.46000005,97.76209772430153,C
INV0029,Gold,Other,MANI PLAIN ( JONDALA),5,0.09,0.45,7220,3249.0,Normal,2024-12-18,2024-12-28,3.64,1.37,4,10,8,131,75105.17,75105.17,124183390.63000005,97.82125927779431,C
INV0012,Gold,Other,PLATE,4,0.12,0.48,7220,3465.6,Normal,2024-11-10,2024-11-29,2.72,1.47,3,7,9,98,72930.99,72930.99,124256321.62000005,97.87870819464207,C
INV0037,Gold,Other,MANI K 250MG,9,0.08,0.71,7220,5126.2,Normal,2024-11-17,2024-12-21,3.89,2.31,4,10,5,140,70349.81,70349.81,124326671.43000005,97.93412387438187,C
INV0123,Silver,Chains,KADA SIKH,21,2.97,62.36,93,5799.48,Normal,2024-10-13,2024-12-30,8.33,2.52,9,21,12,300,70316.37,70316.37,124396987.80000006,97.98951321289444,C
INV0116,Silver,Other,KARANDA,6,4.41,26.46,93,2460.78,Normal,2024-10-14,2024-12-31,5.33,1.12,6,14,7,192,69787.67,69787.67,124466775.47000006,98.04448608589162,C
INV0124,Silver,Chains,KADA LOCK,23,3.16,72.71,93,6762.03,Excess,2024-11-29,2024-12-28,7.64,3.01,8,20,10,275,69696.77,69696.77,124536472.24000005,98.09938735549302,C
INV0088,Silver,Ornaments,VALE POKAL,18,3.03,54.52,93,5070.36,Normal,2024-11-13,2024-12-28,7.81,2.31,8,20,8,281,69360.79,69360.79,124605833.03000006,98.1540239682307,C
INV0051,Gold,Other,M TAR,4,0.09,0.37,7220,2671.4,Normal,2024-12-13,2024-12-19,3.33,1.2,4,9,8,120,68515.81,68515.81,124674348.84000006,98.20799497659694,C
INV0172,Silver,Pooja Items,AARTI GOL VAT,10,4.58,45.79,93,4258.47,Normal,2024-11-08,2024-12-29,5.22,1.91,6,14,11,188,67565.59,67565.59,124741914.43000007,98.2612174813467,C
INV0104,Silver,Utensils,PADAM PLATE,12,5.33,63.96,93,5948.28,Normal,2024-11-03,2024-12-27,4.61,2.6,5,12,6,166,66637.67,66637.67,124808552.10000007,98.3137090485496,C
INV0130,Silver,Other,GUNDGADGI,82,2.73,223.51,93,20786.43,Dead Stock,2024-01-05,2024-12-25,8.28,9.91,9,21,13,298,65382.13,65382.13,124873934.23000006,98.3652116066487,C
INV0019,Gold,Nose Items,NATH,10,0.08,0.84,7220,6064.8,Normal,2024-12-20,2024-12-28,3.5,2.86,4,9,5,126,64873.38,64873.38,124938807.61000006,98.41631341416911,C
INV0159,Silver,Anklets,"CHAL 5""",9,3.21,28.91,93,2688.63,Normal,2024-10-07,2024-12-27,6.86,1.31,7,18,14,247,64189.13,64189.13,125002996.74000005,98.46687622693086,C
INV0108,Silver,Other,MEKHALA,6,4.29,25.74,93,2393.82,Normal,2024-12-19,2024-12-28,4.83,1.24,5,13,14,174,61077.03,61077.03,125064073.77000006,98.51498758833948,C
INV0146,Silver,Anklets,"CHAL F 9.5""",29,3.39,98.4,93,9151.2,Excess,2024-07-14,2024-12-29,5.97,4.86,6,15,6,215,59582.95,59582.95,125123656.72000006,98.56192203883981,C
INV0081,Gold,Bracelets,BARSE BRACELET,18,0.08,1.4,7220,10108.0,Excess,2024-10-11,2024-12-26,3.42,5.27,4,9,3,123,59482.63,59482.63,125183139.35000005,98.60877746565846,C
INV0085,Silver,Utensils,VATI PLANE,28,3.56,99.61,93,9263.73,Excess,2024-10-11,2024-12-28,6.0,4.67,6,15,14,216,59444.76,59444.76,125242584.11000006,98.65560306166743,C
INV0179,Silver,Anklets,"45CHAL 10.5""",7,4.11,28.76,93,2674.68,Normal,2024-11-27,2024-12-27,4.78,1.47,5,12,5,172,58641.19,58641.19,125301225.30000006,98.70179567262973,C
INV0086,Silver,Utensils,VATI NAKSHI,29,3.43,99.43,93,9246.99,Excess,2024-08-18,2024-12-23,5.94,4.88,6,15,14,214,55866.01,55866.01,125357091.31000006,98.74580222955575,C
INV0089,Silver,Ornaments,VALE GHATTA,16,3.37,53.97,93,5019.21,Normal,2024-12-01,2024-12-24,5.56,2.88,6,14,13,200,54661.36,54661.36,125411752.67000006,98.78885986425159,C
INV0044,Gold,Other,MANI ASTAPAILU 20MG,11,0.06,0.65,7220,4693.0,Normal,2024-12-24,2024-12-25,4.14,2.66,5,11,8,149,53526.85,53526.85,125465279.52000006,98.83102382712624,C
INV0041,Gold,Other,MANI JAVA MIX,9,0.07,0.58,7220,4187.6,Normal,2024-12-15,2024-12-27,3.53,2.55,4,9,3,127,52287.4,52287.4,125517566.92000006,98.87221145524957,C
INV0027,Gold,Other,MANI V 250MG,13,0.07,0.84,7220,6064.8,Excess,2024-11-28,2024-12-28,3.53,3.69,4,9,8,127,51553.58,51553.58,125569120.50000006,98.91282104152592,C
INV0176,Silver,Anklets,"45CHAL 6.5""",5,3.87,19.37,93,1801.41,Normal,2024-12-08,2024-12-28,4.56,1.1,5,12,7,164,50666.18,50666.18,125619786.68000007,98.9527316085128,C
INV0178,Silver,Anklets,"45CHAL 5""",10,3.64,36.4,93,3385.2,Normal,2024-11-07,2024-12-10,4.75,2.11,5,12,10,171,50192.05,50192.05,125669978.73000006,98.99226869565324,C
INV0174,Silver,Pooja Items,AARTI EK TOK,7,3.12,21.84,93,2031.12,Normal,2024-12-16,2024-12-24,5.31,1.32,6,14,11,191,48518.49,48518.49,125718497.22000006,99.03048749259523,C
INV0053,Gold,Other,KOI,42,0.06,2.43,7220,17544.6,Dead Stock,2024-04-18,2024-11-28,3.75,11.2,4,10,6,135,48450.48,48450.48,125766947.70000006,99.06865271696357,C
INV0133,Silver,Other,GHODA,19,2.81,53.32,93,4958.76,Excess,2024-07-09,2024-12-29,5.81,3.27,6,15,12,209,47856.75,47856.75,125814804.45000006,99.1063502506369,C
INV0147,Silver,Anklets,"CHAL F 9""",4,3.45,13.8,93,1283.4,Low,2024-10-18,2024-12-29,4.67,0.86,5,12,12,168,46906.33,46906.33,125861710.78000006,99.14329912315054,C
INV0035,Gold,Other,MANI K 400MG,2,0.05,0.11,7220,794.2,Low,2024-10-27,2024-12-26,3.86,0.52,4,10,9,139,45670.17,45670.17,125907380.95000006,99.17927425249889,C
INV0122,Silver,Chains,KADADORA BALL,13,2.9,37.74,93,3509.82,Normal,2024-10-06,2024-12-28,5.44,2.39,6,14,6,196,44711.28,44711.28,125952092.23000006,99.21449404873198,C
INV0022,Gold,Rings,MUDDI TAR,19,0.05,1.04,7220,7508.8,Excess,2024-07-22,2024-12-25,3.42,5.56,4,9,3,123,43423.19,43423.19,125995515.42000006,99.24869919570139,C
INV0082,Gold,Other,BALANGATHI,17,0.05,0.87,7220,6281.4,Excess,2024-10-18,2024-12-13,3.69,4.6,4,10,6,133,42877.41,42877.41,126038392.83000006,99.282474422964,C
INV0100,Silver,Anklets,PAYAL ADJ,5,2.85,14.23,93,1323.39,Normal,2024-11-03,2024-12-31,4.97,1.01,5,13,10,179,41857.74,41857.74,126080250.57000005,99.31544643972525,C
INV0087,Silver,Ornaments,VALE SELAM,7,3.05,21.35,93,1985.55,Normal,2024-11-13,2024-12-23,4.69,1.49,5,12,10,169,41615.91,41615.91,126121866.48000005,99.34822796309597,C
INV0120,Silver,Chains,KADADORA SAKALI,34,2.19,74.37,93,6916.41,Excess,2024-10-25,2024-12-31,6.47,5.25,7,17,12,233,40324.99,40324.99,126162191.47000004,99.37999260796636,C
INV0145,Silver,Anklets,CHALLA,13,2.99,38.87,93,3614.91,Normal,2024-10-25,2024-12-26,4.64,2.8,5,12,10,167,40316.36,40316.36,126202507.83000004,99.4117504548466,C
INV0135,Silver,Utensils,GANDH PLATE,9,2.7,24.28,93,2258.04,Normal,2024-10-24,2024-12-30,4.92,1.83,5,13,5,177,36490.1,36490.1,126238997.93000004,99.44049429502574,C
INV0095,Silver,Idols,SHIVLING,69,2.17,149.98,93,13948.14,Dead Stock,2024-06-02,2024-12-29,5.89,11.72,6,15,14,212,36057.67,36057.67,126275055.60000004,99.46889750312087,C
INV0169,Silver,Other,BICHVA,4,2.59,10.36,93,963.48,Low,2024-10-20,2024-12-23,4.64,0.86,5,12,6,167,35492.43,35492.43,126310548.03000005,99.49685546255341,C
INV0094,Silver,Other,SL LOOSE ITEM,8,2.42,19.34,93,1798.62,Normal,2024-10-31,2024-12-20,4.94,1.62,5,13,14,178,34859.01,34859.01,126345407.04000005,99.52431446683796,C
INV0136,Silver,Other,GAI VASRU,25,2.64,65.98,93,6136.14,Excess,2024-07-25,2024-12-26,4.61,5.42,5,12,9,166,34744.3,34744.3,126380151.34000005,99.55168311220577,C
INV0020,Gold,Other,MUGAVAT,8,0.05,0.43,7220,3104.6,Normal,2024-12-17,2024-12-21,2.81,2.85,3,8,5,101,34523.01,34523.01,126414674.35000005,99.57887744387224,C
INV0144,Silver,Other,CHAMCHA,14,1.97,27.53,93,2560.29,Normal,2024-11-13,2024-11-30,5.72,2.45,6,15,14,206,33366.73,33366.73,126448041.08000006,99.60516095513752,C
INV0105,Silver,Other,NAG MACHINE,11,2.08,22.88,93,2127.84,Normal,2024-12-07,2024-12-31,4.83,2.28,5,13,14,174,29760.97,29760.97,126477802.05000006,99.62860415110728,C
INV0119,Silver,Chains,KADALI,40,1.49,59.54,93,5537.22,Dead Stock,2024-09-24,2024-12-27,6.64,6.03,7,17,11,239,27738.17,27738.17,126505540.22000006,99.65045395489905,C
INV0101,Silver,Other,PAN NARAL,13,2.22,28.9,93,2687.7,Excess,2024-10-28,2024-12-31,4.33,3.0,5,11,6,156,27155.02,27155.02,126532695.24000005,99.67184440203242,C
INV0042,Gold,Other,MANI DHANA,5,0.03,0.16,7220,1155.2,Normal,2024-11-20,2024-12-24,4.0,1.25,4,10,8,144,27041.89,27041.89,126559737.13000005,99.69314573484054,C
INV0121,Silver,Chains,KADADORA GOAF,16,1.79,28.62,93,2661.66,Excess,2024-12-13,2024-12-30,5.06,3.16,6,13,12,182,26115.74,26115.74,126585852.87000005,99.71371752435934,C
INV0028,Gold,Other,MANI V 100MG,6,0.04,0.22,7220,1588.4,Normal,2024-12-01,2024-11-16,3.03,1.98,4,8,5,109,25282.09,25282.09,126611134.96000005,99.73363263433039,C
INV0098,Silver,Other,PRATIMA..,11,1.62,17.88,93,1662.84,Normal,2024-12-13,2024-12-15,4.47,2.46,5,12,12,161,21318.91,21318.91,126632453.87000005,99.75042588350848,C
INV0018,Gold,Nose Items,NATHANI,13,0.03,0.4,7220,2888.0,Excess,2024-11-14,2024-12-31,3.06,4.25,4,8,3,110,20491.33,20491.33,126652945.20000005,99.7665672345757,C
INV0045,Gold,Other,MANI ASTAPAILU 16MG,6,0.02,0.12,7220,866.4,Normal,2024-12-16,2024-12-29,4.36,1.38,5,11,3,157,20031.18,20031.18,126672976.38000005,99.78234611806793,C
INV0084,Silver,Ornaments,VEDANI NAKSHI,8,1.17,9.33,93,867.69,Normal,2024-10-29,2024-12-29,5.86,1.36,6,15,8,211,20018.02,20018.02,126692994.40000005,99.79811463521595,C
INV0170,Silver,Anklets,BARSE CHAL,5,1.29,6.47,93,601.71,Low,2024-10-26,2024-12-30,5.17,0.97,6,13,14,186,19963.28,19963.28,126712957.68000005,99.81384003278328,C
INV0103,Silver,Other,PADUKA,10,1.45,14.5,93,1348.5,Normal,2024-12-07,2024-12-28,4.69,2.13,5,12,11,169,19756.35,19756.35,126732714.03000005,99.8294024282528,C
INV0165,Silver,Bracelets,BRACELET L MICRO,29,1.35,39.2,93,3645.6,Excess,2024-09-05,2024-12-23,4.89,5.93,5,13,9,176,19439.36,19439.36,126752153.39000005,99.84471512558784,C
INV0164,Silver,Bracelets,BRACELET SMALL,16,1.23,19.68,93,1830.24,Excess,2024-11-08,2024-12-16,5.14,3.11,6,13,7,185,18382.23,18382.23,126770535.62000005,99.85919510457546,C
INV0102,Silver,Other,PALNA,20,1.36,27.3,93,2538.9,Excess,2024-10-29,2024-12-27,4.53,4.42,5,12,8,163,18073.23,18073.23,126788608.85000005,99.87343167928042,C
INV0034,Gold,Other,MANI K 50MG,8,0.02,0.14,7220,1010.8,Normal,2024-12-23,2024-12-15,4.08,1.96,5,11,9,147,17909.27,17909.27,126806518.12000005,99.88753910004947,C
INV0142,Silver,Other,COIN,5,1.3,6.5,93,604.5,Normal,2024-11-11,2024-12-28,4.67,1.07,5,12,10,168,17835.2,17835.2,126824353.32000005,99.90158817468514,C
INV0128,Silver,Ornaments,JODAVI FANCY,37,0.7,25.92,93,2410.56,Excess,2024-10-07,2024-12-31,8.14,4.55,9,21,13,293,16824.09,16824.09,126841177.41000006,99.91484078166948,C
INV0166,Silver,Bracelets,BRACELET J MICRO,35,1.14,40.04,93,3723.72,Dead Stock,2024-06-10,2024-12-15,5.0,7.0,5,13,8,180,16416.55,16416.55,126857593.96000005,99.92777236282417,C
INV0106,Silver,Other,NAG HANDMADE,12,1.07,12.87,93,1196.91,Normal,2024-10-05,2024-12-12,5.25,2.29,6,14,14,189,15852.44,15852.44,126873446.40000005,99.9402595854355,C
INV0139,Silver,Other,FLOWER,11,1.17,12.87,93,1196.91,Normal,2024-10-15,2024-12-13,4.42,2.49,5,12,12,159,15027.84,15027.84,126888474.24000005,99.95209725733001,C
INV0168,Silver,Other,BINDALI,16,0.81,12.97,93,1206.21,Normal,2024-12-23,2024-12-31,5.58,2.87,6,14,8,201,13311.41,13311.41,126901785.65000005,99.96258286963578,C
INV0140,Silver,Other,FINGER RING,42,0.48,20.19,93,1877.67,Excess,2024-07-10,2024-12-31,7.06,5.95,8,18,10,254,9942.08,9942.08,126911727.73000005,99.97041440636953,C
INV0141,Silver,Other,DABE,0,0.72,0.0,93,0.0,Critical,2024-12-16,2024-12-19,4.28,0.0,5,11,7,154,8955.43,8955.43,126920683.16000006,99.97746874298838,C
INV0083,Silver,Ornaments,VEDANI PLANE,10,0.54,5.36,93,498.48,Normal,2024-11-04,2024-12-29,5.19,1.93,6,13,5,187,8075.31,8075.31,126928758.47000006,99.98382979489115,C
INV0099,Silver,Other,PILE,4,0.51,2.05,93,190.65,Low,2024-11-02,2024-12-22,4.72,0.85,5,12,10,170,6890.01,6890.01,126935648.48000006,99.98925716687074,C
INV0117,Silver,Other,KANBATLA,30,0.36,10.92,93,1015.56,Excess,2024-11-27,2024-12-24,5.36,5.6,6,14,12,193,5673.87,5673.87,126941322.35000007,99.99372656576189,C
INV0129,Silver,Other,HAST,3,0.29,0.86,93,79.98,Low,2024-10-16,2024-12-26,5.31,0.57,6,14,14,191,4412.22,4412.22,126945734.57000007,99.9972021426037,C
INV0110,Silver,Other,LOCKET SL,31,0.18,5.69,93,529.17,Excess,2024-12-01,2024-12-23,6.67,4.65,7,17,12,240,3551.86,3551.86,126949286.43000007,100.00000000000004,C
